plate_position,aryl_halide_smiles,nucleophile_smiles,catalyst_smiles,catalyst_name,base_smiles,base_name,yield_percent,product_smiles
G1,BrC1=CN=CC=C1,NS(C1=CC=CC=C1)(=O)=O,CS(O[Pd]1([P](C2=CC=CC=C2)(C3=CC=CC=C3)C4=C(C5=C(P(C6=CC=CC=C6)C7=CC=CC=C7)C=CC8=C5C=CC=C8)C(C=CC=C9)=C9C=C4)C%10=CC=CC=C%10C%11=C([NH2]1)C=CC=C%11)(=O)=O,BINAP Pd G3 30,C12=NCCCN1CCCCC2,DBU 24,0.0,O=S(C1=CC=CC=C1)(NC2=CN=CC=C2)=O
G2,BrC1=CN=CC=C1,NS(C1=CC=CC=C1)(=O)=O,CS(O[Pd]1([P](C2=CC=CC=C2)(C3=CC=CC=C3)C4=C(C5=C(P(C6=CC=CC=C6)C7=CC=CC=C7)C=CC8=C5C=CC=C8)C(C=CC=C9)=C9C=C4)C%10=CC=CC=C%10C%11=C([NH2]1)C=CC=C%11)(=O)=O,BINAP Pd G3 30,CN1CCCN2C1=NCCC2,MTBD 25,0.0,O=S(C1=CC=CC=C1)(NC2=CN=CC=C2)=O
G3,BrC1=CN=CC=C1,NS(C1=CC=CC=C1)(=O)=O,CS(O[Pd]1([P](C2=CC=CC=C2)(C3=CC=CC=C3)C4=C(C5=C(P(C6=CC=CC=C6)C7=CC=CC=C7)C=CC8=C5C=CC=C8)C(C=CC=C9)=C9C=C4)C%10=CC=CC=C%10C%11=C([NH2]1)C=CC=C%11)(=O)=O,BINAP Pd G3 30,CN(C)/C(N(C)C)=N\C(C)(C)C,BTMG 26,0.0,O=S(C1=CC=CC=C1)(NC2=CN=CC=C2)=O
G4,BrC1=CN=CC=C1,NS(C1=CC=CC=C1)(=O)=O,CS(O[Pd]1([P](C2=CC=CC=C2)(C3=CC=CC=C3)C4=C(C5=C(P(C6=CC=CC=C6)C7=CC=CC=C7)C=CC8=C5C=CC=C8)C(C=CC=C9)=C9C=C4)C%10=CC=CC=C%10C%11=C([NH2]1)C=CC=C%11)(=O)=O,BINAP Pd G3 30,CN1P(N(CC)CC)(N(C)CCC1)=NC(C)(C)C,BEMP 27,0.0,O=S(C1=CC=CC=C1)(NC2=CN=CC=C2)=O
G5,BrC1=CN=CC=C1,NS(C1=CC=CC=C1)(=O)=O,CS(O[Pd]1([P](C2=CC=CC=C2)(C3=CC=CC=C3)C4=C(C5=C(P(C6=CC=CC=C6)C7=CC=CC=C7)C=CC8=C5C=CC=C8)C(C=CC=C9)=C9C=C4)C%10=CC=CC=C%10C%11=C([NH2]1)C=CC=C%11)(=O)=O,BINAP Pd G3 30,CC(N=P(N1CCCC1)(N2CCCC2)N3CCCC3)(C)C,BTTP 28,0.0,O=S(C1=CC=CC=C1)(NC2=CN=CC=C2)=O
G6,BrC1=CN=CC=C1,NS(C1=CC=CC=C1)(=O)=O,CS(O[Pd]1([P](C2=CC=CC=C2)(C3=CC=CC=C3)C4=C(C5=C(P(C6=CC=CC=C6)C7=CC=CC=C7)C=CC8=C5C=CC=C8)C(C=CC=C9)=C9C=C4)C%10=CC=CC=C%10C%11=C([NH2]1)C=CC=C%11)(=O)=O,BINAP Pd G3 30,CN(C)P(N(C)C)(N(C)C)=NP(N(C)C)(N(C)C)=NCC,P2Et 29,0.0,O=S(C1=CC=CC=C1)(NC2=CN=CC=C2)=O
G7,BrC1=CN=CC=C1,NS(C1=CC=CC=C1)(=O)=O,CS(O[Pd]1([P](C2=CC=CC=C2)(C3=CC=CC=C3)C4=CC=CC4[Fe]C5C(P(C6=CC=CC=C6)C7=CC=CC=C7)=CC=C5)C8=CC=CC=C8C9=C([NH2]1)C=CC=C9)(=O)=O,DPPF Pd G3 31,C12=NCCCN1CCCCC2,DBU 24,0.0,O=S(C1=CC=CC=C1)(NC2=CN=CC=C2)=O
G8,BrC1=CN=CC=C1,NS(C1=CC=CC=C1)(=O)=O,CS(O[Pd]1([P](C2=CC=CC=C2)(C3=CC=CC=C3)C4=CC=CC4[Fe]C5C(P(C6=CC=CC=C6)C7=CC=CC=C7)=CC=C5)C8=CC=CC=C8C9=C([NH2]1)C=CC=C9)(=O)=O,DPPF Pd G3 31,CN1CCCN2C1=NCCC2,MTBD 25,0.0,O=S(C1=CC=CC=C1)(NC2=CN=CC=C2)=O
G9,BrC1=CN=CC=C1,NS(C1=CC=CC=C1)(=O)=O,CS(O[Pd]1([P](C2=CC=CC=C2)(C3=CC=CC=C3)C4=CC=CC4[Fe]C5C(P(C6=CC=CC=C6)C7=CC=CC=C7)=CC=C5)C8=CC=CC=C8C9=C([NH2]1)C=CC=C9)(=O)=O,DPPF Pd G3 31,CN(C)/C(N(C)C)=N\C(C)(C)C,BTMG 26,0.0,O=S(C1=CC=CC=C1)(NC2=CN=CC=C2)=O
G10,BrC1=CN=CC=C1,NS(C1=CC=CC=C1)(=O)=O,CS(O[Pd]1([P](C2=CC=CC=C2)(C3=CC=CC=C3)C4=CC=CC4[Fe]C5C(P(C6=CC=CC=C6)C7=CC=CC=C7)=CC=C5)C8=CC=CC=C8C9=C([NH2]1)C=CC=C9)(=O)=O,DPPF Pd G3 31,CN1P(N(CC)CC)(N(C)CCC1)=NC(C)(C)C,BEMP 27,0.0,O=S(C1=CC=CC=C1)(NC2=CN=CC=C2)=O
G11,BrC1=CN=CC=C1,NS(C1=CC=CC=C1)(=O)=O,CS(O[Pd]1([P](C2=CC=CC=C2)(C3=CC=CC=C3)C4=CC=CC4[Fe]C5C(P(C6=CC=CC=C6)C7=CC=CC=C7)=CC=C5)C8=CC=CC=C8C9=C([NH2]1)C=CC=C9)(=O)=O,DPPF Pd G3 31,CC(N=P(N1CCCC1)(N2CCCC2)N3CCCC3)(C)C,BTTP 28,0.0,O=S(C1=CC=CC=C1)(NC2=CN=CC=C2)=O
G12,BrC1=CN=CC=C1,NS(C1=CC=CC=C1)(=O)=O,CS(O[Pd]1([P](C2=CC=CC=C2)(C3=CC=CC=C3)C4=CC=CC4[Fe]C5C(P(C6=CC=CC=C6)C7=CC=CC=C7)=CC=C5)C8=CC=CC=C8C9=C([NH2]1)C=CC=C9)(=O)=O,DPPF Pd G3 31,CN(C)P(N(C)C)(N(C)C)=NP(N(C)C)(N(C)C)=NCC,P2Et 29,0.0,O=S(C1=CC=CC=C1)(NC2=CN=CC=C2)=O
G13,BrC1=CN=CC=C1,NS(C1=CC=CC=C1)(=O)=O,Cl[Pd]1([P](C2=CC=CC=C2)(C3=CC=CC=C3)C4=C(OC(C(P(C5=CC=CC=C5)C6=CC=CC=C6)=CC=C7)=C7C8(C)C)C8=CC=C4)C9=CC=CC=C9C%10=C([NH2]1)C=CC=C%10,XantPhos Pd G2 32,C12=NCCCN1CCCCC2,DBU 24,0.0,O=S(C1=CC=CC=C1)(NC2=CN=CC=C2)=O
G14,BrC1=CN=CC=C1,NS(C1=CC=CC=C1)(=O)=O,Cl[Pd]1([P](C2=CC=CC=C2)(C3=CC=CC=C3)C4=C(OC(C(P(C5=CC=CC=C5)C6=CC=CC=C6)=CC=C7)=C7C8(C)C)C8=CC=C4)C9=CC=CC=C9C%10=C([NH2]1)C=CC=C%10,XantPhos Pd G2 32,CN1CCCN2C1=NCCC2,MTBD 25,0.0,O=S(C1=CC=CC=C1)(NC2=CN=CC=C2)=O
G15,BrC1=CN=CC=C1,NS(C1=CC=CC=C1)(=O)=O,Cl[Pd]1([P](C2=CC=CC=C2)(C3=CC=CC=C3)C4=C(OC(C(P(C5=CC=CC=C5)C6=CC=CC=C6)=CC=C7)=C7C8(C)C)C8=CC=C4)C9=CC=CC=C9C%10=C([NH2]1)C=CC=C%10,XantPhos Pd G2 32,CN(C)/C(N(C)C)=N\C(C)(C)C,BTMG 26,0.0,O=S(C1=CC=CC=C1)(NC2=CN=CC=C2)=O
G16,BrC1=CN=CC=C1,NS(C1=CC=CC=C1)(=O)=O,Cl[Pd]1([P](C2=CC=CC=C2)(C3=CC=CC=C3)C4=C(OC(C(P(C5=CC=CC=C5)C6=CC=CC=C6)=CC=C7)=C7C8(C)C)C8=CC=C4)C9=CC=CC=C9C%10=C([NH2]1)C=CC=C%10,XantPhos Pd G2 32,CN1P(N(CC)CC)(N(C)CCC1)=NC(C)(C)C,BEMP 27,0.0,O=S(C1=CC=CC=C1)(NC2=CN=CC=C2)=O
G17,BrC1=CN=CC=C1,NS(C1=CC=CC=C1)(=O)=O,Cl[Pd]1([P](C2=CC=CC=C2)(C3=CC=CC=C3)C4=C(OC(C(P(C5=CC=CC=C5)C6=CC=CC=C6)=CC=C7)=C7C8(C)C)C8=CC=C4)C9=CC=CC=C9C%10=C([NH2]1)C=CC=C%10,XantPhos Pd G2 32,CC(N=P(N1CCCC1)(N2CCCC2)N3CCCC3)(C)C,BTTP 28,0.0,O=S(C1=CC=CC=C1)(NC2=CN=CC=C2)=O
G18,BrC1=CN=CC=C1,NS(C1=CC=CC=C1)(=O)=O,Cl[Pd]1([P](C2=CC=CC=C2)(C3=CC=CC=C3)C4=C(OC(C(P(C5=CC=CC=C5)C6=CC=CC=C6)=CC=C7)=C7C8(C)C)C8=CC=C4)C9=CC=CC=C9C%10=C([NH2]1)C=CC=C%10,XantPhos Pd G2 32,CN(C)P(N(C)C)(N(C)C)=NP(N(C)C)(N(C)C)=NCC,P2Et 29,0.0,O=S(C1=CC=CC=C1)(NC2=CN=CC=C2)=O
G19,BrC1=CN=CC=C1,NS(C1=CC=CC=C1)(=O)=O,Cl[Pd]1([P](C(C)(C)C)(C(C)(C)C)C(C)(C)C)C2=CC=CC=C2C3=C([NH2]1)C=CC=C3,tBu3P Pd G2 33,C12=NCCCN1CCCCC2,DBU 24,0.0,O=S(C1=CC=CC=C1)(NC2=CN=CC=C2)=O
G20,BrC1=CN=CC=C1,NS(C1=CC=CC=C1)(=O)=O,Cl[Pd]1([P](C(C)(C)C)(C(C)(C)C)C(C)(C)C)C2=CC=CC=C2C3=C([NH2]1)C=CC=C3,tBu3P Pd G2 33,CN1CCCN2C1=NCCC2,MTBD 25,0.0,O=S(C1=CC=CC=C1)(NC2=CN=CC=C2)=O
G21,BrC1=CN=CC=C1,NS(C1=CC=CC=C1)(=O)=O,Cl[Pd]1([P](C(C)(C)C)(C(C)(C)C)C(C)(C)C)C2=CC=CC=C2C3=C([NH2]1)C=CC=C3,tBu3P Pd G2 33,CN(C)/C(N(C)C)=N\C(C)(C)C,BTMG 26,0.0,O=S(C1=CC=CC=C1)(NC2=CN=CC=C2)=O
G22,BrC1=CN=CC=C1,NS(C1=CC=CC=C1)(=O)=O,Cl[Pd]1([P](C(C)(C)C)(C(C)(C)C)C(C)(C)C)C2=CC=CC=C2C3=C([NH2]1)C=CC=C3,tBu3P Pd G2 33,CN1P(N(CC)CC)(N(C)CCC1)=NC(C)(C)C,BEMP 27,0.0,O=S(C1=CC=CC=C1)(NC2=CN=CC=C2)=O
G23,BrC1=CN=CC=C1,NS(C1=CC=CC=C1)(=O)=O,Cl[Pd]1([P](C(C)(C)C)(C(C)(C)C)C(C)(C)C)C2=CC=CC=C2C3=C([NH2]1)C=CC=C3,tBu3P Pd G2 33,CC(N=P(N1CCCC1)(N2CCCC2)N3CCCC3)(C)C,BTTP 28,0.0,O=S(C1=CC=CC=C1)(NC2=CN=CC=C2)=O
G24,BrC1=CN=CC=C1,NS(C1=CC=CC=C1)(=O)=O,Cl[Pd]1([P](C(C)(C)C)(C(C)(C)C)C(C)(C)C)C2=CC=CC=C2C3=C([NH2]1)C=CC=C3,tBu3P Pd G2 33,CN(C)P(N(C)C)(N(C)C)=NP(N(C)C)(N(C)C)=NCC,P2Et 29,0.0,O=S(C1=CC=CC=C1)(NC2=CN=CC=C2)=O
G25,BrC1=CN=CC=C1,NS(C1=CC=CC=C1)(=O)=O,CC(OC1(C)O2)(C3)OC(C)(C1)[P]([Pd]4(OS(C)(=O)=O)C5=CC=CC=C5C6=C([NH2]4)C=CC=C6)(C7=CC=CC=C7)C23C,PPA Pd G3 34,C12=NCCCN1CCCCC2,DBU 24,0.0,O=S(C1=CC=CC=C1)(NC2=CN=CC=C2)=O
G26,BrC1=CN=CC=C1,NS(C1=CC=CC=C1)(=O)=O,CC(OC1(C)O2)(C3)OC(C)(C1)[P]([Pd]4(OS(C)(=O)=O)C5=CC=CC=C5C6=C([NH2]4)C=CC=C6)(C7=CC=CC=C7)C23C,PPA Pd G3 34,CN1CCCN2C1=NCCC2,MTBD 25,0.0,O=S(C1=CC=CC=C1)(NC2=CN=CC=C2)=O
G27,BrC1=CN=CC=C1,NS(C1=CC=CC=C1)(=O)=O,CC(OC1(C)O2)(C3)OC(C)(C1)[P]([Pd]4(OS(C)(=O)=O)C5=CC=CC=C5C6=C([NH2]4)C=CC=C6)(C7=CC=CC=C7)C23C,PPA Pd G3 34,CN(C)/C(N(C)C)=N\C(C)(C)C,BTMG 26,0.0,O=S(C1=CC=CC=C1)(NC2=CN=CC=C2)=O
G28,BrC1=CN=CC=C1,NS(C1=CC=CC=C1)(=O)=O,CC(OC1(C)O2)(C3)OC(C)(C1)[P]([Pd]4(OS(C)(=O)=O)C5=CC=CC=C5C6=C([NH2]4)C=CC=C6)(C7=CC=CC=C7)C23C,PPA Pd G3 34,CN1P(N(CC)CC)(N(C)CCC1)=NC(C)(C)C,BEMP 27,0.0,O=S(C1=CC=CC=C1)(NC2=CN=CC=C2)=O
G29,BrC1=CN=CC=C1,NS(C1=CC=CC=C1)(=O)=O,CC(OC1(C)O2)(C3)OC(C)(C1)[P]([Pd]4(OS(C)(=O)=O)C5=CC=CC=C5C6=C([NH2]4)C=CC=C6)(C7=CC=CC=C7)C23C,PPA Pd G3 34,CC(N=P(N1CCCC1)(N2CCCC2)N3CCCC3)(C)C,BTTP 28,0.0,O=S(C1=CC=CC=C1)(NC2=CN=CC=C2)=O
G30,BrC1=CN=CC=C1,NS(C1=CC=CC=C1)(=O)=O,CC(OC1(C)O2)(C3)OC(C)(C1)[P]([Pd]4(OS(C)(=O)=O)C5=CC=CC=C5C6=C([NH2]4)C=CC=C6)(C7=CC=CC=C7)C23C,PPA Pd G3 34,CN(C)P(N(C)C)(N(C)C)=NP(N(C)C)(N(C)C)=NCC,P2Et 29,0.0,O=S(C1=CC=CC=C1)(NC2=CN=CC=C2)=O
G31,BrC1=CN=CC=C1,NS(C1=CC=CC=C1)(=O)=O,NC(C=C1)=CC=C1[P]([Pd]2(OS(C)(=O)=O)C3=CC=CC=C3C4=C([NH2]2)C=CC=C4)(C(C)(C)C)C(C)(C)C,Aphos Pd G3 35,C12=NCCCN1CCCCC2,DBU 24,0.0,O=S(C1=CC=CC=C1)(NC2=CN=CC=C2)=O
G32,BrC1=CN=CC=C1,NS(C1=CC=CC=C1)(=O)=O,NC(C=C1)=CC=C1[P]([Pd]2(OS(C)(=O)=O)C3=CC=CC=C3C4=C([NH2]2)C=CC=C4)(C(C)(C)C)C(C)(C)C,Aphos Pd G3 35,CN1CCCN2C1=NCCC2,MTBD 25,0.0,O=S(C1=CC=CC=C1)(NC2=CN=CC=C2)=O
G33,BrC1=CN=CC=C1,NS(C1=CC=CC=C1)(=O)=O,NC(C=C1)=CC=C1[P]([Pd]2(OS(C)(=O)=O)C3=CC=CC=C3C4=C([NH2]2)C=CC=C4)(C(C)(C)C)C(C)(C)C,Aphos Pd G3 35,CN(C)/C(N(C)C)=N\C(C)(C)C,BTMG 26,0.0,O=S(C1=CC=CC=C1)(NC2=CN=CC=C2)=O
G34,BrC1=CN=CC=C1,NS(C1=CC=CC=C1)(=O)=O,NC(C=C1)=CC=C1[P]([Pd]2(OS(C)(=O)=O)C3=CC=CC=C3C4=C([NH2]2)C=CC=C4)(C(C)(C)C)C(C)(C)C,Aphos Pd G3 35,CN1P(N(CC)CC)(N(C)CCC1)=NC(C)(C)C,BEMP 27,0.0,O=S(C1=CC=CC=C1)(NC2=CN=CC=C2)=O
G35,BrC1=CN=CC=C1,NS(C1=CC=CC=C1)(=O)=O,NC(C=C1)=CC=C1[P]([Pd]2(OS(C)(=O)=O)C3=CC=CC=C3C4=C([NH2]2)C=CC=C4)(C(C)(C)C)C(C)(C)C,Aphos Pd G3 35,CC(N=P(N1CCCC1)(N2CCCC2)N3CCCC3)(C)C,BTTP 28,0.0,O=S(C1=CC=CC=C1)(NC2=CN=CC=C2)=O
G36,BrC1=CN=CC=C1,NS(C1=CC=CC=C1)(=O)=O,NC(C=C1)=CC=C1[P]([Pd]2(OS(C)(=O)=O)C3=CC=CC=C3C4=C([NH2]2)C=CC=C4)(C(C)(C)C)C(C)(C)C,Aphos Pd G3 35,CN(C)P(N(C)C)(N(C)C)=NP(N(C)C)(N(C)C)=NCC,P2Et 29,0.0,O=S(C1=CC=CC=C1)(NC2=CN=CC=C2)=O
G37,BrC1=CN=CC=C1,NS(C1=CC=CC=C1)(=O)=O,CS(O[Pd]1([P](C2CCCCC2)(C3CCCCC3)C4=C(C5=C(C(C)C)C=C(C(C)C)C=C5C(C)C)C=CC=C4)C6=CC=CC=C6C7=C([NH2]1)C=CC=C7)(=O)=O,Xphos Pd G3 36,C12=NCCCN1CCCCC2,DBU 24,0.0,O=S(C1=CC=CC=C1)(NC2=CN=CC=C2)=O
G38,BrC1=CN=CC=C1,NS(C1=CC=CC=C1)(=O)=O,CS(O[Pd]1([P](C2CCCCC2)(C3CCCCC3)C4=C(C5=C(C(C)C)C=C(C(C)C)C=C5C(C)C)C=CC=C4)C6=CC=CC=C6C7=C([NH2]1)C=CC=C7)(=O)=O,Xphos Pd G3 36,CN1CCCN2C1=NCCC2,MTBD 25,0.0,O=S(C1=CC=CC=C1)(NC2=CN=CC=C2)=O
G39,BrC1=CN=CC=C1,NS(C1=CC=CC=C1)(=O)=O,CS(O[Pd]1([P](C2CCCCC2)(C3CCCCC3)C4=C(C5=C(C(C)C)C=C(C(C)C)C=C5C(C)C)C=CC=C4)C6=CC=CC=C6C7=C([NH2]1)C=CC=C7)(=O)=O,Xphos Pd G3 36,CN(C)/C(N(C)C)=N\C(C)(C)C,BTMG 26,0.0,O=S(C1=CC=CC=C1)(NC2=CN=CC=C2)=O
G40,BrC1=CN=CC=C1,NS(C1=CC=CC=C1)(=O)=O,CS(O[Pd]1([P](C2CCCCC2)(C3CCCCC3)C4=C(C5=C(C(C)C)C=C(C(C)C)C=C5C(C)C)C=CC=C4)C6=CC=CC=C6C7=C([NH2]1)C=CC=C7)(=O)=O,Xphos Pd G3 36,CN1P(N(CC)CC)(N(C)CCC1)=NC(C)(C)C,BEMP 27,0.0,O=S(C1=CC=CC=C1)(NC2=CN=CC=C2)=O
G41,BrC1=CN=CC=C1,NS(C1=CC=CC=C1)(=O)=O,CS(O[Pd]1([P](C2CCCCC2)(C3CCCCC3)C4=C(C5=C(C(C)C)C=C(C(C)C)C=C5C(C)C)C=CC=C4)C6=CC=CC=C6C7=C([NH2]1)C=CC=C7)(=O)=O,Xphos Pd G3 36,CC(N=P(N1CCCC1)(N2CCCC2)N3CCCC3)(C)C,BTTP 28,0.0,O=S(C1=CC=CC=C1)(NC2=CN=CC=C2)=O
G42,BrC1=CN=CC=C1,NS(C1=CC=CC=C1)(=O)=O,CS(O[Pd]1([P](C2CCCCC2)(C3CCCCC3)C4=C(C5=C(C(C)C)C=C(C(C)C)C=C5C(C)C)C=CC=C4)C6=CC=CC=C6C7=C([NH2]1)C=CC=C7)(=O)=O,Xphos Pd G3 36,CN(C)P(N(C)C)(N(C)C)=NP(N(C)C)(N(C)C)=NCC,P2Et 29,0.0,O=S(C1=CC=CC=C1)(NC2=CN=CC=C2)=O
G43,BrC1=CN=CC=C1,NS(C1=CC=CC=C1)(=O)=O,Cl[Pd]1([P](C2CCCCC2)(C3CCCCC3)C4=C(C5=C(OC(C)C)C=CC=C5OC(C)C)C=CC=C4)C6=CC=CC=C6C7=C([NH2]1)C=CC=C7,RuPhos Pd G2 37,C12=NCCCN1CCCCC2,DBU 24,0.0,O=S(C1=CC=CC=C1)(NC2=CN=CC=C2)=O
G44,BrC1=CN=CC=C1,NS(C1=CC=CC=C1)(=O)=O,Cl[Pd]1([P](C2CCCCC2)(C3CCCCC3)C4=C(C5=C(OC(C)C)C=CC=C5OC(C)C)C=CC=C4)C6=CC=CC=C6C7=C([NH2]1)C=CC=C7,RuPhos Pd G2 37,CN1CCCN2C1=NCCC2,MTBD 25,0.0,O=S(C1=CC=CC=C1)(NC2=CN=CC=C2)=O
G45,BrC1=CN=CC=C1,NS(C1=CC=CC=C1)(=O)=O,Cl[Pd]1([P](C2CCCCC2)(C3CCCCC3)C4=C(C5=C(OC(C)C)C=CC=C5OC(C)C)C=CC=C4)C6=CC=CC=C6C7=C([NH2]1)C=CC=C7,RuPhos Pd G2 37,CN(C)/C(N(C)C)=N\C(C)(C)C,BTMG 26,0.0,O=S(C1=CC=CC=C1)(NC2=CN=CC=C2)=O
G46,BrC1=CN=CC=C1,NS(C1=CC=CC=C1)(=O)=O,Cl[Pd]1([P](C2CCCCC2)(C3CCCCC3)C4=C(C5=C(OC(C)C)C=CC=C5OC(C)C)C=CC=C4)C6=CC=CC=C6C7=C([NH2]1)C=CC=C7,RuPhos Pd G2 37,CN1P(N(CC)CC)(N(C)CCC1)=NC(C)(C)C,BEMP 27,0.0,O=S(C1=CC=CC=C1)(NC2=CN=CC=C2)=O
G47,BrC1=CN=CC=C1,NS(C1=CC=CC=C1)(=O)=O,Cl[Pd]1([P](C2CCCCC2)(C3CCCCC3)C4=C(C5=C(OC(C)C)C=CC=C5OC(C)C)C=CC=C4)C6=CC=CC=C6C7=C([NH2]1)C=CC=C7,RuPhos Pd G2 37,CC(N=P(N1CCCC1)(N2CCCC2)N3CCCC3)(C)C,BTTP 28,0.0,O=S(C1=CC=CC=C1)(NC2=CN=CC=C2)=O
G48,BrC1=CN=CC=C1,NS(C1=CC=CC=C1)(=O)=O,Cl[Pd]1([P](C2CCCCC2)(C3CCCCC3)C4=C(C5=C(OC(C)C)C=CC=C5OC(C)C)C=CC=C4)C6=CC=CC=C6C7=C([NH2]1)C=CC=C7,RuPhos Pd G2 37,CN(C)P(N(C)C)(N(C)C)=NP(N(C)C)(N(C)C)=NCC,P2Et 29,0.0,O=S(C1=CC=CC=C1)(NC2=CN=CC=C2)=O
H1,BrC1=CN=CC=C1,NS(C1=CC=CC=C1)(=O)=O,CS(O[Pd]1([P](C(C)(C)C)(C(C)(C)C)C2=CC=CC2[Fe]C3C(P(C(C)(C)C)C(C)(C)C)=CC=C3)C4=CC=CC=C4C5=C([NH2]1)C=CC=C5)(=O)=O,DTBPF Pd G3 38,C12=NCCCN1CCCCC2,DBU 24,0.0,O=S(C1=CC=CC=C1)(NC2=CN=CC=C2)=O
H2,BrC1=CN=CC=C1,NS(C1=CC=CC=C1)(=O)=O,CS(O[Pd]1([P](C(C)(C)C)(C(C)(C)C)C2=CC=CC2[Fe]C3C(P(C(C)(C)C)C(C)(C)C)=CC=C3)C4=CC=CC=C4C5=C([NH2]1)C=CC=C5)(=O)=O,DTBPF Pd G3 38,CN1CCCN2C1=NCCC2,MTBD 25,0.0,O=S(C1=CC=CC=C1)(NC2=CN=CC=C2)=O
H3,BrC1=CN=CC=C1,NS(C1=CC=CC=C1)(=O)=O,CS(O[Pd]1([P](C(C)(C)C)(C(C)(C)C)C2=CC=CC2[Fe]C3C(P(C(C)(C)C)C(C)(C)C)=CC=C3)C4=CC=CC=C4C5=C([NH2]1)C=CC=C5)(=O)=O,DTBPF Pd G3 38,CN(C)/C(N(C)C)=N\C(C)(C)C,BTMG 26,0.0,O=S(C1=CC=CC=C1)(NC2=CN=CC=C2)=O
H4,BrC1=CN=CC=C1,NS(C1=CC=CC=C1)(=O)=O,CS(O[Pd]1([P](C(C)(C)C)(C(C)(C)C)C2=CC=CC2[Fe]C3C(P(C(C)(C)C)C(C)(C)C)=CC=C3)C4=CC=CC=C4C5=C([NH2]1)C=CC=C5)(=O)=O,DTBPF Pd G3 38,CN1P(N(CC)CC)(N(C)CCC1)=NC(C)(C)C,BEMP 27,0.0,O=S(C1=CC=CC=C1)(NC2=CN=CC=C2)=O
H5,BrC1=CN=CC=C1,NS(C1=CC=CC=C1)(=O)=O,CS(O[Pd]1([P](C(C)(C)C)(C(C)(C)C)C2=CC=CC2[Fe]C3C(P(C(C)(C)C)C(C)(C)C)=CC=C3)C4=CC=CC=C4C5=C([NH2]1)C=CC=C5)(=O)=O,DTBPF Pd G3 38,CC(N=P(N1CCCC1)(N2CCCC2)N3CCCC3)(C)C,BTTP 28,0.0,O=S(C1=CC=CC=C1)(NC2=CN=CC=C2)=O
H6,BrC1=CN=CC=C1,NS(C1=CC=CC=C1)(=O)=O,CS(O[Pd]1([P](C(C)(C)C)(C(C)(C)C)C2=CC=CC2[Fe]C3C(P(C(C)(C)C)C(C)(C)C)=CC=C3)C4=CC=CC=C4C5=C([NH2]1)C=CC=C5)(=O)=O,DTBPF Pd G3 38,CN(C)P(N(C)C)(N(C)C)=NP(N(C)C)(N(C)C)=NCC,P2Et 29,0.0,O=S(C1=CC=CC=C1)(NC2=CN=CC=C2)=O
H7,BrC1=CN=CC=C1,NS(C1=CC=CC=C1)(=O)=O,CC(P(C(C)(C)C)C(C)(C)C)C1=C(C([Fe]C2C=CC=C2)C=C1)[P]([Pd]3(OS(C)(=O)=O)C4=CC=CC=C4C5=C([NH2]3)C=CC=C5)(C6CCCCC6)C7CCCCC7,J009 Pd G3 39,C12=NCCCN1CCCCC2,DBU 24,0.0,O=S(C1=CC=CC=C1)(NC2=CN=CC=C2)=O
H8,BrC1=CN=CC=C1,NS(C1=CC=CC=C1)(=O)=O,CC(P(C(C)(C)C)C(C)(C)C)C1=C(C([Fe]C2C=CC=C2)C=C1)[P]([Pd]3(OS(C)(=O)=O)C4=CC=CC=C4C5=C([NH2]3)C=CC=C5)(C6CCCCC6)C7CCCCC7,J009 Pd G3 39,CN1CCCN2C1=NCCC2,MTBD 25,0.0,O=S(C1=CC=CC=C1)(NC2=CN=CC=C2)=O
H9,BrC1=CN=CC=C1,NS(C1=CC=CC=C1)(=O)=O,CC(P(C(C)(C)C)C(C)(C)C)C1=C(C([Fe]C2C=CC=C2)C=C1)[P]([Pd]3(OS(C)(=O)=O)C4=CC=CC=C4C5=C([NH2]3)C=CC=C5)(C6CCCCC6)C7CCCCC7,J009 Pd G3 39,CN(C)/C(N(C)C)=N\C(C)(C)C,BTMG 26,0.0,O=S(C1=CC=CC=C1)(NC2=CN=CC=C2)=O
H10,BrC1=CN=CC=C1,NS(C1=CC=CC=C1)(=O)=O,CC(P(C(C)(C)C)C(C)(C)C)C1=C(C([Fe]C2C=CC=C2)C=C1)[P]([Pd]3(OS(C)(=O)=O)C4=CC=CC=C4C5=C([NH2]3)C=CC=C5)(C6CCCCC6)C7CCCCC7,J009 Pd G3 39,CN1P(N(CC)CC)(N(C)CCC1)=NC(C)(C)C,BEMP 27,0.0,O=S(C1=CC=CC=C1)(NC2=CN=CC=C2)=O
H11,BrC1=CN=CC=C1,NS(C1=CC=CC=C1)(=O)=O,CC(P(C(C)(C)C)C(C)(C)C)C1=C(C([Fe]C2C=CC=C2)C=C1)[P]([Pd]3(OS(C)(=O)=O)C4=CC=CC=C4C5=C([NH2]3)C=CC=C5)(C6CCCCC6)C7CCCCC7,J009 Pd G3 39,CC(N=P(N1CCCC1)(N2CCCC2)N3CCCC3)(C)C,BTTP 28,0.0,O=S(C1=CC=CC=C1)(NC2=CN=CC=C2)=O
H12,BrC1=CN=CC=C1,NS(C1=CC=CC=C1)(=O)=O,CC(P(C(C)(C)C)C(C)(C)C)C1=C(C([Fe]C2C=CC=C2)C=C1)[P]([Pd]3(OS(C)(=O)=O)C4=CC=CC=C4C5=C([NH2]3)C=CC=C5)(C6CCCCC6)C7CCCCC7,J009 Pd G3 39,CN(C)P(N(C)C)(N(C)C)=NP(N(C)C)(N(C)C)=NCC,P2Et 29,0.0,O=S(C1=CC=CC=C1)(NC2=CN=CC=C2)=O
H13,BrC1=CN=CC=C1,NS(C1=CC=CC=C1)(=O)=O,CS(O[Pd]1([P](C23C[C@@H](C[C@H]4C3)C[C@@H](C4)C2)(C56C[C@@H](C[C@H]7C6)C[C@@H](C7)C5)C8=C(N9CCOCC9)C=CC=C8)C%10=CC=CC=C%10C%11=C([NH2]1)C=CC=C%11)(=O)=O,MorDalPhos Pd G3 40,C12=NCCCN1CCCCC2,DBU 24,0.0,O=S(C1=CC=CC=C1)(NC2=CN=CC=C2)=O
H14,BrC1=CN=CC=C1,NS(C1=CC=CC=C1)(=O)=O,CS(O[Pd]1([P](C23C[C@@H](C[C@H]4C3)C[C@@H](C4)C2)(C56C[C@@H](C[C@H]7C6)C[C@@H](C7)C5)C8=C(N9CCOCC9)C=CC=C8)C%10=CC=CC=C%10C%11=C([NH2]1)C=CC=C%11)(=O)=O,MorDalPhos Pd G3 40,CN1CCCN2C1=NCCC2,MTBD 25,0.0,O=S(C1=CC=CC=C1)(NC2=CN=CC=C2)=O
H15,BrC1=CN=CC=C1,NS(C1=CC=CC=C1)(=O)=O,CS(O[Pd]1([P](C23C[C@@H](C[C@H]4C3)C[C@@H](C4)C2)(C56C[C@@H](C[C@H]7C6)C[C@@H](C7)C5)C8=C(N9CCOCC9)C=CC=C8)C%10=CC=CC=C%10C%11=C([NH2]1)C=CC=C%11)(=O)=O,MorDalPhos Pd G3 40,CN(C)/C(N(C)C)=N\C(C)(C)C,BTMG 26,0.0,O=S(C1=CC=CC=C1)(NC2=CN=CC=C2)=O
H16,BrC1=CN=CC=C1,NS(C1=CC=CC=C1)(=O)=O,CS(O[Pd]1([P](C23C[C@@H](C[C@H]4C3)C[C@@H](C4)C2)(C56C[C@@H](C[C@H]7C6)C[C@@H](C7)C5)C8=C(N9CCOCC9)C=CC=C8)C%10=CC=CC=C%10C%11=C([NH2]1)C=CC=C%11)(=O)=O,MorDalPhos Pd G3 40,CN1P(N(CC)CC)(N(C)CCC1)=NC(C)(C)C,BEMP 27,0.0,O=S(C1=CC=CC=C1)(NC2=CN=CC=C2)=O
H17,BrC1=CN=CC=C1,NS(C1=CC=CC=C1)(=O)=O,CS(O[Pd]1([P](C23C[C@@H](C[C@H]4C3)C[C@@H](C4)C2)(C56C[C@@H](C[C@H]7C6)C[C@@H](C7)C5)C8=C(N9CCOCC9)C=CC=C8)C%10=CC=CC=C%10C%11=C([NH2]1)C=CC=C%11)(=O)=O,MorDalPhos Pd G3 40,CC(N=P(N1CCCC1)(N2CCCC2)N3CCCC3)(C)C,BTTP 28,0.0,O=S(C1=CC=CC=C1)(NC2=CN=CC=C2)=O
H18,BrC1=CN=CC=C1,NS(C1=CC=CC=C1)(=O)=O,CS(O[Pd]1([P](C23C[C@@H](C[C@H]4C3)C[C@@H](C4)C2)(C56C[C@@H](C[C@H]7C6)C[C@@H](C7)C5)C8=C(N9CCOCC9)C=CC=C8)C%10=CC=CC=C%10C%11=C([NH2]1)C=CC=C%11)(=O)=O,MorDalPhos Pd G3 40,CN(C)P(N(C)C)(N(C)C)=NP(N(C)C)(N(C)C)=NCC,P2Et 29,0.0,O=S(C1=CC=CC=C1)(NC2=CN=CC=C2)=O
H19,BrC1=CN=CC=C1,NS(C1=CC=CC=C1)(=O)=O,CS(O[Pd]1([P](C2CCCCC2)(C3CCCCC3)C4=C(C5=C(C(C)C)C=C(C(C)C)C=C5C(C)C)C(OC)=CC=C4OC)C6=CC=CC=C6C7=C([NH2]1)C=CC=C7)(=O)=O,BrettPhos Pd G3 41,C12=NCCCN1CCCCC2,DBU 24,0.0,O=S(C1=CC=CC=C1)(NC2=CN=CC=C2)=O
H20,BrC1=CN=CC=C1,NS(C1=CC=CC=C1)(=O)=O,CS(O[Pd]1([P](C2CCCCC2)(C3CCCCC3)C4=C(C5=C(C(C)C)C=C(C(C)C)C=C5C(C)C)C(OC)=CC=C4OC)C6=CC=CC=C6C7=C([NH2]1)C=CC=C7)(=O)=O,BrettPhos Pd G3 41,CN1CCCN2C1=NCCC2,MTBD 25,0.0,O=S(C1=CC=CC=C1)(NC2=CN=CC=C2)=O
H21,BrC1=CN=CC=C1,NS(C1=CC=CC=C1)(=O)=O,CS(O[Pd]1([P](C2CCCCC2)(C3CCCCC3)C4=C(C5=C(C(C)C)C=C(C(C)C)C=C5C(C)C)C(OC)=CC=C4OC)C6=CC=CC=C6C7=C([NH2]1)C=CC=C7)(=O)=O,BrettPhos Pd G3 41,CN(C)/C(N(C)C)=N\C(C)(C)C,BTMG 26,0.0,O=S(C1=CC=CC=C1)(NC2=CN=CC=C2)=O
H22,BrC1=CN=CC=C1,NS(C1=CC=CC=C1)(=O)=O,CS(O[Pd]1([P](C2CCCCC2)(C3CCCCC3)C4=C(C5=C(C(C)C)C=C(C(C)C)C=C5C(C)C)C(OC)=CC=C4OC)C6=CC=CC=C6C7=C([NH2]1)C=CC=C7)(=O)=O,BrettPhos Pd G3 41,CN1P(N(CC)CC)(N(C)CCC1)=NC(C)(C)C,BEMP 27,0.0,O=S(C1=CC=CC=C1)(NC2=CN=CC=C2)=O
H23,BrC1=CN=CC=C1,NS(C1=CC=CC=C1)(=O)=O,CS(O[Pd]1([P](C2CCCCC2)(C3CCCCC3)C4=C(C5=C(C(C)C)C=C(C(C)C)C=C5C(C)C)C(OC)=CC=C4OC)C6=CC=CC=C6C7=C([NH2]1)C=CC=C7)(=O)=O,BrettPhos Pd G3 41,CC(N=P(N1CCCC1)(N2CCCC2)N3CCCC3)(C)C,BTTP 28,0.0,O=S(C1=CC=CC=C1)(NC2=CN=CC=C2)=O
H24,BrC1=CN=CC=C1,NS(C1=CC=CC=C1)(=O)=O,CS(O[Pd]1([P](C2CCCCC2)(C3CCCCC3)C4=C(C5=C(C(C)C)C=C(C(C)C)C=C5C(C)C)C(OC)=CC=C4OC)C6=CC=CC=C6C7=C([NH2]1)C=CC=C7)(=O)=O,BrettPhos Pd G3 41,CN(C)P(N(C)C)(N(C)C)=NP(N(C)C)(N(C)C)=NCC,P2Et 29,0.0,O=S(C1=CC=CC=C1)(NC2=CN=CC=C2)=O
H25,BrC1=CN=CC=C1,NS(C1=CC=CC=C1)(=O)=O,CS(O[Pd]1([P](C(C)(C)C)(C(C)(C)C)C2=C(C3=C(C(C)C)C=C(C(C)C)C=C3C(C)C)C=CC=C2)C4=CC=CC=C4C5=C([NH2]1)C=CC=C5)(=O)=O,tBuXPhos Pd G3 42,C12=NCCCN1CCCCC2,DBU 24,4.61,O=S(C1=CC=CC=C1)(NC2=CN=CC=C2)=O
H26,BrC1=CN=CC=C1,NS(C1=CC=CC=C1)(=O)=O,CS(O[Pd]1([P](C(C)(C)C)(C(C)(C)C)C2=C(C3=C(C(C)C)C=C(C(C)C)C=C3C(C)C)C=CC=C2)C4=CC=CC=C4C5=C([NH2]1)C=CC=C5)(=O)=O,tBuXPhos Pd G3 42,CN1CCCN2C1=NCCC2,MTBD 25,10.57,O=S(C1=CC=CC=C1)(NC2=CN=CC=C2)=O
H27,BrC1=CN=CC=C1,NS(C1=CC=CC=C1)(=O)=O,CS(O[Pd]1([P](C(C)(C)C)(C(C)(C)C)C2=C(C3=C(C(C)C)C=C(C(C)C)C=C3C(C)C)C=CC=C2)C4=CC=CC=C4C5=C([NH2]1)C=CC=C5)(=O)=O,tBuXPhos Pd G3 42,CN(C)/C(N(C)C)=N\C(C)(C)C,BTMG 26,10.64,O=S(C1=CC=CC=C1)(NC2=CN=CC=C2)=O
H28,BrC1=CN=CC=C1,NS(C1=CC=CC=C1)(=O)=O,CS(O[Pd]1([P](C(C)(C)C)(C(C)(C)C)C2=C(C3=C(C(C)C)C=C(C(C)C)C=C3C(C)C)C=CC=C2)C4=CC=CC=C4C5=C([NH2]1)C=CC=C5)(=O)=O,tBuXPhos Pd G3 42,CN1P(N(CC)CC)(N(C)CCC1)=NC(C)(C)C,BEMP 27,4.89,O=S(C1=CC=CC=C1)(NC2=CN=CC=C2)=O
H29,BrC1=CN=CC=C1,NS(C1=CC=CC=C1)(=O)=O,CS(O[Pd]1([P](C(C)(C)C)(C(C)(C)C)C2=C(C3=C(C(C)C)C=C(C(C)C)C=C3C(C)C)C=CC=C2)C4=CC=CC=C4C5=C([NH2]1)C=CC=C5)(=O)=O,tBuXPhos Pd G3 42,CC(N=P(N1CCCC1)(N2CCCC2)N3CCCC3)(C)C,BTTP 28,9.15,O=S(C1=CC=CC=C1)(NC2=CN=CC=C2)=O
H30,BrC1=CN=CC=C1,NS(C1=CC=CC=C1)(=O)=O,CS(O[Pd]1([P](C(C)(C)C)(C(C)(C)C)C2=C(C3=C(C(C)C)C=C(C(C)C)C=C3C(C)C)C=CC=C2)C4=CC=CC=C4C5=C([NH2]1)C=CC=C5)(=O)=O,tBuXPhos Pd G3 42,CN(C)P(N(C)C)(N(C)C)=NP(N(C)C)(N(C)C)=NCC,P2Et 29,16.34,O=S(C1=CC=CC=C1)(NC2=CN=CC=C2)=O
H31,BrC1=CN=CC=C1,NS(C1=CC=CC=C1)(=O)=O,CS(O[Pd]1([P](C(C)(C)C)(C(C)(C)C)C2=C(C3=C(C(C)C)C=C(C(C)C)C=C3C(C)C)C(OC)=CC=C2OC)C4=CC=CC=C4C5=C([NH2]1)C=CC=C5)(=O)=O,tBuBrettPhos Pd G3 43,C12=NCCCN1CCCCC2,DBU 24,11.58,O=S(C1=CC=CC=C1)(NC2=CN=CC=C2)=O
H32,BrC1=CN=CC=C1,NS(C1=CC=CC=C1)(=O)=O,CS(O[Pd]1([P](C(C)(C)C)(C(C)(C)C)C2=C(C3=C(C(C)C)C=C(C(C)C)C=C3C(C)C)C(OC)=CC=C2OC)C4=CC=CC=C4C5=C([NH2]1)C=CC=C5)(=O)=O,tBuBrettPhos Pd G3 43,CN1CCCN2C1=NCCC2,MTBD 25,16.39,O=S(C1=CC=CC=C1)(NC2=CN=CC=C2)=O
H33,BrC1=CN=CC=C1,NS(C1=CC=CC=C1)(=O)=O,CS(O[Pd]1([P](C(C)(C)C)(C(C)(C)C)C2=C(C3=C(C(C)C)C=C(C(C)C)C=C3C(C)C)C(OC)=CC=C2OC)C4=CC=CC=C4C5=C([NH2]1)C=CC=C5)(=O)=O,tBuBrettPhos Pd G3 43,CN(C)/C(N(C)C)=N\C(C)(C)C,BTMG 26,15.52,O=S(C1=CC=CC=C1)(NC2=CN=CC=C2)=O
H34,BrC1=CN=CC=C1,NS(C1=CC=CC=C1)(=O)=O,CS(O[Pd]1([P](C(C)(C)C)(C(C)(C)C)C2=C(C3=C(C(C)C)C=C(C(C)C)C=C3C(C)C)C(OC)=CC=C2OC)C4=CC=CC=C4C5=C([NH2]1)C=CC=C5)(=O)=O,tBuBrettPhos Pd G3 43,CN1P(N(CC)CC)(N(C)CCC1)=NC(C)(C)C,BEMP 27,3.46,O=S(C1=CC=CC=C1)(NC2=CN=CC=C2)=O
H35,BrC1=CN=CC=C1,NS(C1=CC=CC=C1)(=O)=O,CS(O[Pd]1([P](C(C)(C)C)(C(C)(C)C)C2=C(C3=C(C(C)C)C=C(C(C)C)C=C3C(C)C)C(OC)=CC=C2OC)C4=CC=CC=C4C5=C([NH2]1)C=CC=C5)(=O)=O,tBuBrettPhos Pd G3 43,CC(N=P(N1CCCC1)(N2CCCC2)N3CCCC3)(C)C,BTTP 28,16.55,O=S(C1=CC=CC=C1)(NC2=CN=CC=C2)=O
H36,BrC1=CN=CC=C1,NS(C1=CC=CC=C1)(=O)=O,CS(O[Pd]1([P](C(C)(C)C)(C(C)(C)C)C2=C(C3=C(C(C)C)C=C(C(C)C)C=C3C(C)C)C(OC)=CC=C2OC)C4=CC=CC=C4C5=C([NH2]1)C=CC=C5)(=O)=O,tBuBrettPhos Pd G3 43,CN(C)P(N(C)C)(N(C)C)=NP(N(C)C)(N(C)C)=NCC,P2Et 29,27.65,O=S(C1=CC=CC=C1)(NC2=CN=CC=C2)=O
H37,BrC1=CN=CC=C1,NS(C1=CC=CC=C1)(=O)=O,CS(O[Pd]1([P](C(C)(C)C)(C(C)(C)C)C2=C(C3=C(C(C)C)C=C(C(C)C)C=C3C(C)C)C(C)=CC=C2OC)C4=CC=CC=C4C5=C([NH2]1)C=CC=C5)(=O)=O,RockPhos Pd G3 44,C12=NCCCN1CCCCC2,DBU 24,8.06,O=S(C1=CC=CC=C1)(NC2=CN=CC=C2)=O
H38,BrC1=CN=CC=C1,NS(C1=CC=CC=C1)(=O)=O,CS(O[Pd]1([P](C(C)(C)C)(C(C)(C)C)C2=C(C3=C(C(C)C)C=C(C(C)C)C=C3C(C)C)C(C)=CC=C2OC)C4=CC=CC=C4C5=C([NH2]1)C=CC=C5)(=O)=O,RockPhos Pd G3 44,CN1CCCN2C1=NCCC2,MTBD 25,11.82,O=S(C1=CC=CC=C1)(NC2=CN=CC=C2)=O
H39,BrC1=CN=CC=C1,NS(C1=CC=CC=C1)(=O)=O,CS(O[Pd]1([P](C(C)(C)C)(C(C)(C)C)C2=C(C3=C(C(C)C)C=C(C(C)C)C=C3C(C)C)C(C)=CC=C2OC)C4=CC=CC=C4C5=C([NH2]1)C=CC=C5)(=O)=O,RockPhos Pd G3 44,CN(C)/C(N(C)C)=N\C(C)(C)C,BTMG 26,9.98,O=S(C1=CC=CC=C1)(NC2=CN=CC=C2)=O
H40,BrC1=CN=CC=C1,NS(C1=CC=CC=C1)(=O)=O,CS(O[Pd]1([P](C(C)(C)C)(C(C)(C)C)C2=C(C3=C(C(C)C)C=C(C(C)C)C=C3C(C)C)C(C)=CC=C2OC)C4=CC=CC=C4C5=C([NH2]1)C=CC=C5)(=O)=O,RockPhos Pd G3 44,CN1P(N(CC)CC)(N(C)CCC1)=NC(C)(C)C,BEMP 27,4.9,O=S(C1=CC=CC=C1)(NC2=CN=CC=C2)=O
H41,BrC1=CN=CC=C1,NS(C1=CC=CC=C1)(=O)=O,CS(O[Pd]1([P](C(C)(C)C)(C(C)(C)C)C2=C(C3=C(C(C)C)C=C(C(C)C)C=C3C(C)C)C(C)=CC=C2OC)C4=CC=CC=C4C5=C([NH2]1)C=CC=C5)(=O)=O,RockPhos Pd G3 44,CC(N=P(N1CCCC1)(N2CCCC2)N3CCCC3)(C)C,BTTP 28,8.9,O=S(C1=CC=CC=C1)(NC2=CN=CC=C2)=O
H42,BrC1=CN=CC=C1,NS(C1=CC=CC=C1)(=O)=O,CS(O[Pd]1([P](C(C)(C)C)(C(C)(C)C)C2=C(C3=C(C(C)C)C=C(C(C)C)C=C3C(C)C)C(C)=CC=C2OC)C4=CC=CC=C4C5=C([NH2]1)C=CC=C5)(=O)=O,RockPhos Pd G3 44,CN(C)P(N(C)C)(N(C)C)=NP(N(C)C)(N(C)C)=NCC,P2Et 29,21.4,O=S(C1=CC=CC=C1)(NC2=CN=CC=C2)=O
H43,BrC1=CN=CC=C1,NS(C1=CC=CC=C1)(=O)=O,CS(O[Pd]1([P](C23C[C@@H](C[C@H]4C3)C[C@@H](C4)C2)(C56C[C@@H](C[C@H]7C6)C[C@@H](C7)C5)C8=C(C9=C(C(C)C)C=C(C(C)C)C=C9C(C)C)C(OC)=CC=C8OC)C%10=CC=CC=C%10C%11=C([NH2]1)C=CC=C%11)(=O)=O,AdBrettPhos Pd G3 45,C12=NCCCN1CCCCC2,DBU 24,12.53,O=S(C1=CC=CC=C1)(NC2=CN=CC=C2)=O
H44,BrC1=CN=CC=C1,NS(C1=CC=CC=C1)(=O)=O,CS(O[Pd]1([P](C23C[C@@H](C[C@H]4C3)C[C@@H](C4)C2)(C56C[C@@H](C[C@H]7C6)C[C@@H](C7)C5)C8=C(C9=C(C(C)C)C=C(C(C)C)C=C9C(C)C)C(OC)=CC=C8OC)C%10=CC=CC=C%10C%11=C([NH2]1)C=CC=C%11)(=O)=O,AdBrettPhos Pd G3 45,CN1CCCN2C1=NCCC2,MTBD 25,13.86,O=S(C1=CC=CC=C1)(NC2=CN=CC=C2)=O
H45,BrC1=CN=CC=C1,NS(C1=CC=CC=C1)(=O)=O,CS(O[Pd]1([P](C23C[C@@H](C[C@H]4C3)C[C@@H](C4)C2)(C56C[C@@H](C[C@H]7C6)C[C@@H](C7)C5)C8=C(C9=C(C(C)C)C=C(C(C)C)C=C9C(C)C)C(OC)=CC=C8OC)C%10=CC=CC=C%10C%11=C([NH2]1)C=CC=C%11)(=O)=O,AdBrettPhos Pd G3 45,CN(C)/C(N(C)C)=N\C(C)(C)C,BTMG 26,14.24,O=S(C1=CC=CC=C1)(NC2=CN=CC=C2)=O
H46,BrC1=CN=CC=C1,NS(C1=CC=CC=C1)(=O)=O,CS(O[Pd]1([P](C23C[C@@H](C[C@H]4C3)C[C@@H](C4)C2)(C56C[C@@H](C[C@H]7C6)C[C@@H](C7)C5)C8=C(C9=C(C(C)C)C=C(C(C)C)C=C9C(C)C)C(OC)=CC=C8OC)C%10=CC=CC=C%10C%11=C([NH2]1)C=CC=C%11)(=O)=O,AdBrettPhos Pd G3 45,CN1P(N(CC)CC)(N(C)CCC1)=NC(C)(C)C,BEMP 27,4.8,O=S(C1=CC=CC=C1)(NC2=CN=CC=C2)=O
H47,BrC1=CN=CC=C1,NS(C1=CC=CC=C1)(=O)=O,CS(O[Pd]1([P](C23C[C@@H](C[C@H]4C3)C[C@@H](C4)C2)(C56C[C@@H](C[C@H]7C6)C[C@@H](C7)C5)C8=C(C9=C(C(C)C)C=C(C(C)C)C=C9C(C)C)C(OC)=CC=C8OC)C%10=CC=CC=C%10C%11=C([NH2]1)C=CC=C%11)(=O)=O,AdBrettPhos Pd G3 45,CC(N=P(N1CCCC1)(N2CCCC2)N3CCCC3)(C)C,BTTP 28,10.35,O=S(C1=CC=CC=C1)(NC2=CN=CC=C2)=O
H48,BrC1=CN=CC=C1,NS(C1=CC=CC=C1)(=O)=O,CS(O[Pd]1([P](C23C[C@@H](C[C@H]4C3)C[C@@H](C4)C2)(C56C[C@@H](C[C@H]7C6)C[C@@H](C7)C5)C8=C(C9=C(C(C)C)C=C(C(C)C)C=C9C(C)C)C(OC)=CC=C8OC)C%10=CC=CC=C%10C%11=C([NH2]1)C=CC=C%11)(=O)=O,AdBrettPhos Pd G3 45,CN(C)P(N(C)C)(N(C)C)=NP(N(C)C)(N(C)C)=NCC,P2Et 29,22.61,O=S(C1=CC=CC=C1)(NC2=CN=CC=C2)=O
